Process,Step,Description
Car Rental,Reservation and Booking,"Members use the mobile app or website to locate available vehicles, check real-time availability, and make reservations. The system validates member credentials, processes payment authorization, and confirms booking details. Advanced booking options allow users to reserve vehicles for future use, while instant booking enables immediate access to nearby available cars."
Car Rental,Vehicle Access and Authentication,"Upon arrival at the vehicle, members authenticate through the mobile app using GPS location verification and account credentials. The system remotely unlocks the vehicle and activates the ignition system. Some services require additional verification steps such as photo confirmation or license scanning. The app guides users through a brief vehicle inspection checklist before trip commencement."
Car Rental,Trip Monitoring and Management,"During the rental period, the system continuously tracks vehicle location, monitors driving behavior, and maintains connectivity for customer support. Real-time trip data helps optimize pricing models and detect unauthorized use. The platform can provide navigation assistance, locate nearby parking, and facilitate trip extensions or early returns."
Car Rental,Return and Trip Completion,"Members return vehicles to designated areas or any permitted parking location, depending on the service model. The app guides users through a return checklist including fuel level verification, damage reporting, and vehicle condition confirmation. Trip billing is automatically calculated based on usage time, distance, and applicable rates, with payment processed through stored payment methods."
Car Maintenance,Preventive Maintenance Scheduling,"The system automatically schedules regular maintenance based on mileage intervals, time periods, and manufacturer recommendations. Predictive analytics help optimize maintenance timing by analyzing usage patterns, vehicle performance data, and historical maintenance records. Scheduling algorithms consider fleet availability to minimize service disruptions."
Car Maintenance,Maintenance Execution and Quality Control,"Vehicles are transported to certified service centers or mobile maintenance units perform on-site services. Maintenance teams follow standardized checklists covering safety inspections, fluid checks, tire assessments, and system diagnostics. All work is documented with photos, parts replacement records, and quality verification signatures to maintain detailed maintenance histories."
Car Maintenance,Vehicle Cleaning and Preparation,"Between rentals, vehicles undergo cleaning and sanitization procedures to maintain hygiene standards and customer satisfaction. This includes interior vacuuming, surface cleaning, trash removal, and exterior washing when necessary. Cleaning teams also perform basic inspections to identify maintenance needs or customer-reported damages."
Car Maintenance,Damage Assessment and Repair Coordination,"When damage is reported or discovered, the system initiates a damage assessment workflow. Photos and descriptions are collected, repair estimates are obtained, and appropriate service providers are scheduled. The process includes customer notification, insurance claim processing when applicable, and temporary vehicle removal from the active fleet until repairs are completed."
Car Maintenance,Fleet Rebalancing and Positioning,"Maintenance teams coordinate with operations to ensure optimal vehicle distribution across service areas. This involves relocating vehicles from low-demand to high-demand areas, ensuring adequate coverage during peak usage times, and maintaining strategic reserve capacity for unexpected demand spikes or maintenance-related fleet reductions."
Customer Support,Initial Contact and Triage,"Customer Service Agents receive inquiries and quickly categorize them based on urgency and type, such as immediate access issues (locked out of vehicle, app not working), billing disputes, damage reports, or general account questions. High-priority issues like stranded customers or safety concerns are escalated immediately, while routine inquiries follow standard resolution workflows."
Customer Support,Issue Resolution and Coordination,"Agents use integrated systems to access customer accounts, vehicle status, and trip history to diagnose problems and provide solutions. For vehicle access issues, they can remotely unlock cars, reset vehicle systems, or coordinate with Fleet Operators for immediate assistance. Complex issues requiring technical intervention are escalated to specialized teams, while billing disputes are handled through coordination with finance departments."
Customer Support,Documentation and Follow-up,"All interactions are logged in the CRM system with detailed notes about the issue, resolution steps taken, and any follow-up required. Agents document damage reports with photos and descriptions, initiate insurance claims when necessary, and schedule callback appointments for unresolved issues. The process includes proactive follow-up to ensure customer satisfaction and prevent recurring problems."
Customer Support,Escalation and Quality Assurance,"Unresolved or complex issues are escalated through defined workflows to supervisors, technical specialists, or management teams depending on the nature of the problem. The support process includes quality monitoring, customer satisfaction surveys, and feedback loops to continuously improve service delivery and identify systemic issues that require operational or technical improvements."